Name,Address,Distance,Description,Rating,Price,Image,Hotel_URL
Shardana,Alghero,N/A,[],9.3,N/A,https://cf.bstatic.com/xdata/images/hotel/square240/479322470.webp?k=357f961afe50a5a357d9d03da992055902f036adea8530660b07d1499b5974d2&o=,https://www.booking.com/hotel/it/shardana-alghero.html?aid=304142&label=gen173nr-10CAQoggJCDXNlYXJjaF9zaGFyZGFIM1gEaLUBiAEBmAEzuAEXyAEM2AED6AEB-AEBiAIBqAIBuAKB5uLFBsACAdICJGFhN2E2MmNmLTk4YWMtNGJlZi1hZjJkLWQ3Y2VkZWI1YTY4MNgCAeACAQ&ucfs=1&arphpl=1&checkin=2025-11-01&checkout=2025-11-02&group_adults=2&req_adults=2&no_rooms=1&group_children=0&req_children=0&hpos=1&hapos=1&sr_order=popularity&srpvid=ed219700d654044a&srepoch=1756934941&soh=1&from=searchresults#no_availability_msg
Sa Branda Costa Country Alghero,Santa Maria la Palma,N/A,"['Entire apartment', '2 bedrooms', '1 bathroom', '1 kitchen', '150 m²']",9.0,"PKR 34,503",https://cf.bstatic.com/xdata/images/hotel/square240/89761401.webp?k=0fa7db8bf0767ec965640eba27f5abb06074b05af419f6cd9dbde8572a2c9152&o=,https://www.booking.com/hotel/it/bed-and-breakfast-sa-branda.html?aid=304142&label=gen173nr-10CAQoggJCDXNlYXJjaF9zaGFyZGFIM1gEaLUBiAEBmAEzuAEXyAEM2AED6AEB-AEBiAIBqAIBuAKB5uLFBsACAdICJGFhN2E2MmNmLTk4YWMtNGJlZi1hZjJkLWQ3Y2VkZWI1YTY4MNgCAeACAQ&ucfs=1&arphpl=1&checkin=2025-11-01&checkout=2025-11-02&group_adults=2&req_adults=2&no_rooms=1&group_children=0&req_children=0&hpos=2&hapos=2&sr_order=popularity&srpvid=ed219700d654044a&srepoch=1756934941&all_sr_blocks=88204219_195940654_0_0_0&highlighted_blocks=88204219_195940654_0_0_0&matching_block_id=88204219_195940654_0_0_0&sr_pri_blocks=88204219_195940654_0_0_0__10500&from=searchresults
Bonsai B&B Alghero,Santa Maria la Palma,N/A,[],9.3,"PKR 22,017",https://cf.bstatic.com/xdata/images/hotel/square240/489190993.webp?k=a60d8560261d463587c0f7ae0cf914a1e181c45a15fb78ee7e238063710e66c0&o=,https://www.booking.com/hotel/it/bonsai-alghero.html?aid=304142&label=gen173nr-10CAQoggJCDXNlYXJjaF9zaGFyZGFIM1gEaLUBiAEBmAEzuAEXyAEM2AED6AEB-AEBiAIBqAIBuAKB5uLFBsACAdICJGFhN2E2MmNmLTk4YWMtNGJlZi1hZjJkLWQ3Y2VkZWI1YTY4MNgCAeACAQ&ucfs=1&arphpl=1&checkin=2025-11-01&checkout=2025-11-02&group_adults=2&req_adults=2&no_rooms=1&group_children=0&req_children=0&hpos=3&hapos=3&sr_order=popularity&srpvid=ed219700d654044a&srepoch=1756934941&all_sr_blocks=23503001_359885559_2_1_0&highlighted_blocks=23503001_359885559_2_1_0&matching_block_id=23503001_359885559_2_1_0&sr_pri_blocks=23503001_359885559_2_1_0__6700&from=searchresults
Sardinia Guest House - Adults Only,Olmedo,N/A,[],9.7,"PKR 40,116",https://cf.bstatic.com/xdata/images/hotel/square240/516810851.webp?k=39a448b48d2aa19732564b8c0945dc9780709658023cd16c477572b68248823f&o=,https://www.booking.com/hotel/it/b-amp-b-sardinia-olmedo12.html?aid=304142&label=gen173nr-10CAQoggJCDXNlYXJjaF9zaGFyZGFIM1gEaLUBiAEBmAEzuAEXyAEM2AED6AEB-AEBiAIBqAIBuAKB5uLFBsACAdICJGFhN2E2MmNmLTk4YWMtNGJlZi1hZjJkLWQ3Y2VkZWI1YTY4MNgCAeACAQ&ucfs=1&arphpl=1&checkin=2025-11-01&checkout=2025-11-02&group_adults=2&req_adults=2&no_rooms=1&group_children=0&req_children=0&hpos=4&hapos=4&sr_order=popularity&srpvid=ed219700d654044a&srepoch=1756934941&all_sr_blocks=840736403_350746966_2_1_0&highlighted_blocks=840736403_350746966_2_1_0&matching_block_id=840736403_350746966_2_1_0&sr_pri_blocks=840736403_350746966_2_1_0__12208&from=searchresults
B&B La Casa Bianca di Porto Conte,Porto Conte,N/A,[],9.8,"PKR 40,622",https://cf.bstatic.com/xdata/images/hotel/square240/80615122.webp?k=cb737cf77380786d16b2db41bda81a031aadbfe88bdee68a967c39ffbc3ff93c&o=,https://www.booking.com/hotel/it/b-amp-b-la-casa-bianca-di-porto-conte.html?aid=304142&label=gen173nr-10CAQoggJCDXNlYXJjaF9zaGFyZGFIM1gEaLUBiAEBmAEzuAEXyAEM2AED6AEB-AEBiAIBqAIBuAKB5uLFBsACAdICJGFhN2E2MmNmLTk4YWMtNGJlZi1hZjJkLWQ3Y2VkZWI1YTY4MNgCAeACAQ&ucfs=1&arphpl=1&checkin=2025-11-01&checkout=2025-11-02&group_adults=2&req_adults=2&no_rooms=1&group_children=0&req_children=0&hpos=5&hapos=5&sr_order=popularity&srpvid=ed219700d654044a&srepoch=1756934941&all_sr_blocks=179442803_195593158_2_1_0&highlighted_blocks=179442803_195593158_2_1_0&matching_block_id=179442803_195593158_2_1_0&sr_pri_blocks=179442803_195593158_2_1_0__12362&from=searchresults
Garden Hotel Alghero,Fertilia,N/A,[],8.1,"PKR 17,449",https://cf.bstatic.com/xdata/images/hotel/square240/544536446.webp?k=215ba78ec40d7ecee80597ba0bfb73bbc0b4472c1b35a0dd9546a5b181f5ec31&o=,https://www.booking.com/hotel/it/garden-algero.html?aid=304142&label=gen173nr-10CAQoggJCDXNlYXJjaF9zaGFyZGFIM1gEaLUBiAEBmAEzuAEXyAEM2AED6AEB-AEBiAIBqAIBuAKB5uLFBsACAdICJGFhN2E2MmNmLTk4YWMtNGJlZi1hZjJkLWQ3Y2VkZWI1YTY4MNgCAeACAQ&ucfs=1&arphpl=1&checkin=2025-11-01&checkout=2025-11-02&group_adults=2&req_adults=2&no_rooms=1&group_children=0&req_children=0&hpos=6&hapos=6&sr_order=popularity&srpvid=ed219700d654044a&srepoch=1756934941&all_sr_blocks=1166948301_398534846_2_2_0&highlighted_blocks=1166948301_398534846_2_2_0&matching_block_id=1166948301_398534846_2_2_0&sr_pri_blocks=1166948301_398534846_2_2_0__5310&from=searchresults
Noa affittacamere,Alghero,N/A,[],9.6,"PKR 26,453",https://cf.bstatic.com/xdata/images/hotel/square240/695051930.webp?k=ba13579917a3b56d7b90c166bd33e6e5e2cd9fd3a71ffb60cee0b54344c1fb3d&o=,https://www.booking.com/hotel/it/noa-affittacamere.html?aid=304142&label=gen173nr-10CAQoggJCDXNlYXJjaF9zaGFyZGFIM1gEaLUBiAEBmAEzuAEXyAEM2AED6AEB-AEBiAIBqAIBuAKB5uLFBsACAdICJGFhN2E2MmNmLTk4YWMtNGJlZi1hZjJkLWQ3Y2VkZWI1YTY4MNgCAeACAQ&ucfs=1&arphpl=1&checkin=2025-11-01&checkout=2025-11-02&group_adults=2&req_adults=2&no_rooms=1&group_children=0&req_children=0&hpos=7&hapos=7&sr_order=popularity&srpvid=ed219700d654044a&srepoch=1756934941&all_sr_blocks=1415471201_413298937_2_0_0&highlighted_blocks=1415471201_413298937_2_0_0&matching_block_id=1415471201_413298937_2_0_0&sr_pri_blocks=1415471201_413298937_2_0_0__8050&from=searchresults
Aria di campagna,Olmedo,N/A,[],8.9,"PKR 15,970",https://cf.bstatic.com/xdata/images/hotel/square240/593371987.webp?k=2e52b66850ab8cb44a1fbdb49ea489529f6f04a81ced172688827d03afa009bb&o=,https://www.booking.com/hotel/it/aria-di-campagna-olmedo.html?aid=304142&label=gen173nr-10CAQoggJCDXNlYXJjaF9zaGFyZGFIM1gEaLUBiAEBmAEzuAEXyAEM2AED6AEB-AEBiAIBqAIBuAKB5uLFBsACAdICJGFhN2E2MmNmLTk4YWMtNGJlZi1hZjJkLWQ3Y2VkZWI1YTY4MNgCAeACAQ&ucfs=1&arphpl=1&checkin=2025-11-01&checkout=2025-11-02&group_adults=2&req_adults=2&no_rooms=1&group_children=0&req_children=0&hpos=8&hapos=8&sr_order=popularity&srpvid=ed219700d654044a&srepoch=1756934941&all_sr_blocks=1272771801_400067918_2_0_0&highlighted_blocks=1272771801_400067918_2_0_0&matching_block_id=1272771801_400067918_2_0_0&sr_pri_blocks=1272771801_400067918_2_0_0__4860&from=searchresults
Casa Bea,Palmadula,N/A,"['Entire villa', '3 bedrooms', '1 living room', '2 bathrooms', '1 kitchen', '140 m²']",9.2,"PKR 202,289",https://cf.bstatic.com/xdata/images/hotel/square240/474216580.webp?k=5ed3463d20edb2a95755785e89990c6cde4398fab65496d8dca14aaf41442192&o=,https://www.booking.com/hotel/it/casa-bea-palmadula.html?aid=304142&label=gen173nr-10CAQoggJCDXNlYXJjaF9zaGFyZGFIM1gEaLUBiAEBmAEzuAEXyAEM2AED6AEB-AEBiAIBqAIBuAKB5uLFBsACAdICJGFhN2E2MmNmLTk4YWMtNGJlZi1hZjJkLWQ3Y2VkZWI1YTY4MNgCAeACAQ&ucfs=1&arphpl=1&checkin=2025-11-01&checkout=2025-11-02&group_adults=2&req_adults=2&no_rooms=1&group_children=0&req_children=0&hpos=9&hapos=9&sr_order=popularity&srpvid=ed219700d654044a&srepoch=1756934941&all_sr_blocks=1036920501_415498735_7_0_0&highlighted_blocks=1036920501_415498735_7_0_0&matching_block_id=1036920501_415498735_7_0_0&sr_pri_blocks=1036920501_415498735_7_0_0__61560&from=searchresults
Alguer holiday rooms,Alghero,N/A,[],9.9,"PKR 41,404",https://cf.bstatic.com/xdata/images/hotel/square240/701484465.webp?k=21a1ea17ace7b2192d4781ef225f66d5af7873a4930d0ea0e0a38712f91f451b&o=,https://www.booking.com/hotel/it/alguerholidayrooms.html?aid=304142&label=gen173nr-10CAQoggJCDXNlYXJjaF9zaGFyZGFIM1gEaLUBiAEBmAEzuAEXyAEM2AED6AEB-AEBiAIBqAIBuAKB5uLFBsACAdICJGFhN2E2MmNmLTk4YWMtNGJlZi1hZjJkLWQ3Y2VkZWI1YTY4MNgCAeACAQ&ucfs=1&arphpl=1&checkin=2025-11-01&checkout=2025-11-02&group_adults=2&req_adults=2&no_rooms=1&group_children=0&req_children=0&hpos=10&hapos=10&sr_order=popularity&srpvid=ed219700d654044a&srepoch=1756934941&all_sr_blocks=1442914201_415732467_2_0_0&highlighted_blocks=1442914201_415732467_2_0_0&matching_block_id=1442914201_415732467_2_0_0&sr_pri_blocks=1442914201_415732467_2_0_0__12600&from=searchresults
Casa Alda-A due passi dal centro,Alghero,N/A,"['Entire apartment', '1 bedroom', '1 living room', '1 bathroom', '1 kitchen', '38 m²']",9.1,"PKR 26,288",https://cf.bstatic.com/xdata/images/hotel/square240/650753770.webp?k=fa8eb46d086ce37b83caeafc6f3d3ac4c0720203f5ad7360feb06032aa782062&o=,https://www.booking.com/hotel/it/casa-alda-a-due-passi-dal-centro.html?aid=304142&label=gen173nr-10CAQoggJCDXNlYXJjaF9zaGFyZGFIM1gEaLUBiAEBmAEzuAEXyAEM2AED6AEB-AEBiAIBqAIBuAKB5uLFBsACAdICJGFhN2E2MmNmLTk4YWMtNGJlZi1hZjJkLWQ3Y2VkZWI1YTY4MNgCAeACAQ&ucfs=1&arphpl=1&checkin=2025-11-01&checkout=2025-11-02&group_adults=2&req_adults=2&no_rooms=1&group_children=0&req_children=0&hpos=11&hapos=11&sr_order=popularity&srpvid=ed219700d654044a&srepoch=1756934941&all_sr_blocks=1365836901_409262112_4_0_0&highlighted_blocks=1365836901_409262112_4_0_0&matching_block_id=1365836901_409262112_4_0_0&sr_pri_blocks=1365836901_409262112_4_0_0__8000&from=searchresults
Loft le Pavoncelle,Ittiri,N/A,"['Entire apartment', '1 bedroom', '1 living room', '1 bathroom', '1 kitchen', '36 m²']",9.3,"PKR 32,624",https://cf.bstatic.com/xdata/images/hotel/square240/535128426.webp?k=243c0cd0c46a26b541c6807ab29cc81da55445820b6ba32326d98e58dbd31417&o=,https://www.booking.com/hotel/it/loft-le-pavoncelle.html?aid=304142&label=gen173nr-10CAQoggJCDXNlYXJjaF9zaGFyZGFIM1gEaLUBiAEBmAEzuAEXyAEM2AED6AEB-AEBiAIBqAIBuAKB5uLFBsACAdICJGFhN2E2MmNmLTk4YWMtNGJlZi1hZjJkLWQ3Y2VkZWI1YTY4MNgCAeACAQ&ucfs=1&arphpl=1&checkin=2025-11-01&checkout=2025-11-02&group_adults=2&req_adults=2&no_rooms=1&group_children=0&req_children=0&hpos=12&hapos=12&sr_order=popularity&srpvid=ed219700d654044a&srepoch=1756934941&all_sr_blocks=1168929701_394311348_2_0_0&highlighted_blocks=1168929701_394311348_2_0_0&matching_block_id=1168929701_394311348_2_0_0&sr_pri_blocks=1168929701_394311348_2_0_0__9928&from=searchresults
El Faro Hotel & Spa,Porto Conte,N/A,[],9.2,"PKR 53,234",https://cf.bstatic.com/xdata/images/hotel/square240/410567544.webp?k=c78ee78380b03974b628451d874d5dd38e8d4276cffc8be4b66ee010f87f4867&o=,https://www.booking.com/hotel/it/elfarohotel.html?aid=304142&label=gen173nr-10CAQoggJCDXNlYXJjaF9zaGFyZGFIM1gEaLUBiAEBmAEzuAEXyAEM2AED6AEB-AEBiAIBqAIBuAKB5uLFBsACAdICJGFhN2E2MmNmLTk4YWMtNGJlZi1hZjJkLWQ3Y2VkZWI1YTY4MNgCAeACAQ&ucfs=1&arphpl=1&checkin=2025-11-01&checkout=2025-11-02&group_adults=2&req_adults=2&no_rooms=1&group_children=0&req_children=0&hpos=13&hapos=13&sr_order=popularity&srpvid=ed219700d654044a&srepoch=1756934941&all_sr_blocks=8177930_231933915_2_1_0&highlighted_blocks=8177930_231933915_2_1_0&matching_block_id=8177930_231933915_2_1_0&sr_pri_blocks=8177930_231933915_2_1_0__16200&from=searchresults
Leolù Guesthouse Alghero,Alghero,N/A,[],8.8,"PKR 29,246",https://cf.bstatic.com/xdata/images/hotel/square240/232893329.webp?k=58abbca35f27cd3c5dee6924e796ce1f9f4e00db4589a174735cb38872a6d850&o=,https://www.booking.com/hotel/it/leolu-guesthouse-and-breakfast.html?aid=304142&label=gen173nr-10CAQoggJCDXNlYXJjaF9zaGFyZGFIM1gEaLUBiAEBmAEzuAEXyAEM2AED6AEB-AEBiAIBqAIBuAKB5uLFBsACAdICJGFhN2E2MmNmLTk4YWMtNGJlZi1hZjJkLWQ3Y2VkZWI1YTY4MNgCAeACAQ&ucfs=1&arphpl=1&checkin=2025-11-01&checkout=2025-11-02&group_adults=2&req_adults=2&no_rooms=1&group_children=0&req_children=0&hpos=14&hapos=14&sr_order=popularity&srpvid=ed219700d654044a&srepoch=1756934941&all_sr_blocks=348601601_385313930_2_1_0&highlighted_blocks=348601601_385313930_2_1_0&matching_block_id=348601601_385313930_2_1_0&sr_pri_blocks=348601601_385313930_2_1_0__8900&from=searchresults
Palazzo Bolasco,"Alghero City Centre, Alghero",N/A,[],8.8,"PKR 29,574",https://cf.bstatic.com/xdata/images/hotel/square240/117251492.webp?k=ad27b0c696c17e2a606b3b138e12d1041ad3b3b933b3e238ef5ff812d60bcca6&o=,https://www.booking.com/hotel/it/casa-sul-porto-alghero.html?aid=304142&label=gen173nr-10CAQoggJCDXNlYXJjaF9zaGFyZGFIM1gEaLUBiAEBmAEzuAEXyAEM2AED6AEB-AEBiAIBqAIBuAKB5uLFBsACAdICJGFhN2E2MmNmLTk4YWMtNGJlZi1hZjJkLWQ3Y2VkZWI1YTY4MNgCAeACAQ&ucfs=1&arphpl=1&checkin=2025-11-01&checkout=2025-11-02&group_adults=2&req_adults=2&no_rooms=1&group_children=0&req_children=0&hpos=15&hapos=15&sr_order=popularity&srpvid=ed219700d654044a&srepoch=1756934941&all_sr_blocks=194324903_332409336_2_1_0&highlighted_blocks=194324903_332409336_2_1_0&matching_block_id=194324903_332409336_2_1_0&sr_pri_blocks=194324903_332409336_2_1_0__9000&from=searchresults
Coro & Bentu,Alghero,N/A,[],9.0,"PKR 18,402",https://cf.bstatic.com/xdata/images/hotel/square240/672318751.webp?k=9619c3fc5c062251fdab7b2a955d8f4b4f42539cd98c580d3033f01ef9d2eb62&o=,https://www.booking.com/hotel/it/coro-amp-bentu-alghero1.html?aid=304142&label=gen173nr-10CAQoggJCDXNlYXJjaF9zaGFyZGFIM1gEaLUBiAEBmAEzuAEXyAEM2AED6AEB-AEBiAIBqAIBuAKB5uLFBsACAdICJGFhN2E2MmNmLTk4YWMtNGJlZi1hZjJkLWQ3Y2VkZWI1YTY4MNgCAeACAQ&ucfs=1&arphpl=1&checkin=2025-11-01&checkout=2025-11-02&group_adults=2&req_adults=2&no_rooms=1&group_children=0&req_children=0&hpos=16&hapos=16&sr_order=popularity&srpvid=ed219700d654044a&srepoch=1756934941&all_sr_blocks=1396889702_411587335_2_1_0&highlighted_blocks=1396889702_411587335_2_1_0&matching_block_id=1396889702_411587335_2_1_0&sr_pri_blocks=1396889702_411587335_2_1_0__5600&from=searchresults
Seaside Holidays Guest House,Alghero,N/A,[],8.5,"PKR 28,096",https://cf.bstatic.com/xdata/images/hotel/square240/722838135.webp?k=1357dea80251cb86087b19283e2a12baa3c7d5495bb5518f0ac1951e290bb23b&o=,https://www.booking.com/hotel/it/seaside-holidays-guest-house.html?aid=304142&label=gen173nr-10CAQoggJCDXNlYXJjaF9zaGFyZGFIM1gEaLUBiAEBmAEzuAEXyAEM2AED6AEB-AEBiAIBqAIBuAKB5uLFBsACAdICJGFhN2E2MmNmLTk4YWMtNGJlZi1hZjJkLWQ3Y2VkZWI1YTY4MNgCAeACAQ&ucfs=1&arphpl=1&checkin=2025-11-01&checkout=2025-11-02&group_adults=2&req_adults=2&no_rooms=1&group_children=0&req_children=0&hpos=17&hapos=17&sr_order=popularity&srpvid=ed219700d654044a&srepoch=1756934941&all_sr_blocks=1457946302_417121354_2_0_0&highlighted_blocks=1457946302_417121354_2_0_0&matching_block_id=1457946302_417121354_2_0_0&sr_pri_blocks=1457946302_417121354_2_0_0__8550&from=searchresults
Maze Guest House,Alghero,N/A,[],9.8,"PKR 28,917",https://cf.bstatic.com/xdata/images/hotel/square240/725826940.webp?k=fa69ac1c7183153c2f200746edc22d691653bb946439ed8c1f7ac4496f47887b&o=,https://www.booking.com/hotel/it/maze-guest-house.html?aid=304142&label=gen173nr-10CAQoggJCDXNlYXJjaF9zaGFyZGFIM1gEaLUBiAEBmAEzuAEXyAEM2AED6AEB-AEBiAIBqAIBuAKB5uLFBsACAdICJGFhN2E2MmNmLTk4YWMtNGJlZi1hZjJkLWQ3Y2VkZWI1YTY4MNgCAeACAQ&ucfs=1&arphpl=1&checkin=2025-11-01&checkout=2025-11-02&group_adults=2&req_adults=2&no_rooms=1&group_children=0&req_children=0&hpos=18&hapos=18&sr_order=popularity&srpvid=ed219700d654044a&srepoch=1756934941&all_sr_blocks=1469626203_418510971_2_0_0&highlighted_blocks=1469626203_418510971_2_0_0&matching_block_id=1469626203_418510971_2_0_0&sr_pri_blocks=1469626203_418510971_2_0_0__8800&from=searchresults
MARIS Apartments & Bedrooms,Alghero,N/A,[],9.1,"PKR 19,716",https://cf.bstatic.com/xdata/images/hotel/square240/474172649.webp?k=1723218c90a81e0d997ff04f9a4d3b4437ed6279cef2f5372d705b20afbbdc11&o=,https://www.booking.com/hotel/it/maris-apartments.html?aid=304142&label=gen173nr-10CAQoggJCDXNlYXJjaF9zaGFyZGFIM1gEaLUBiAEBmAEzuAEXyAEM2AED6AEB-AEBiAIBqAIBuAKB5uLFBsACAdICJGFhN2E2MmNmLTk4YWMtNGJlZi1hZjJkLWQ3Y2VkZWI1YTY4MNgCAeACAQ&ucfs=1&arphpl=1&checkin=2025-11-01&checkout=2025-11-02&group_adults=2&req_adults=2&no_rooms=1&group_children=0&req_children=0&hpos=19&hapos=19&sr_order=popularity&srpvid=ed219700d654044a&srepoch=1756934941&all_sr_blocks=744147113_419919446_0_0_0&highlighted_blocks=744147113_419919446_0_0_0&matching_block_id=744147113_419919446_0_0_0&sr_pri_blocks=744147113_419919446_0_0_0__6000&from=searchresults
Alghero Budget,Alghero,N/A,[],7.3,"PKR 12,816",https://cf.bstatic.com/xdata/images/hotel/square240/506861929.webp?k=f5311c3c3ba19121b4141b8aae916a94d16938ca0f60a6da5afd2c1a78646a69&o=,https://www.booking.com/hotel/it/alghero-budget-automated-check-in.html?aid=304142&label=gen173nr-10CAQoggJCDXNlYXJjaF9zaGFyZGFIM1gEaLUBiAEBmAEzuAEXyAEM2AED6AEB-AEBiAIBqAIBuAKB5uLFBsACAdICJGFhN2E2MmNmLTk4YWMtNGJlZi1hZjJkLWQ3Y2VkZWI1YTY4MNgCAeACAQ&ucfs=1&arphpl=1&checkin=2025-11-01&checkout=2025-11-02&group_adults=2&req_adults=2&no_rooms=1&group_children=0&req_children=0&hpos=20&hapos=20&sr_order=popularity&srpvid=ed219700d654044a&srepoch=1756934941&all_sr_blocks=1108825407_383643183_2_0_0&highlighted_blocks=1108825407_383643183_2_0_0&matching_block_id=1108825407_383643183_2_0_0&sr_pri_blocks=1108825407_383643183_2_0_0__3900&from=searchresults
Domàtio Melissa Summer,"Alghero City Centre, Alghero",N/A,"['Entire apartment', '2 bedrooms', '2 bathrooms', '1 kitchen', '75 m²']",9.1,"PKR 36,278",https://cf.bstatic.com/xdata/images/hotel/square240/660300479.webp?k=b1b3661c2f8299a03caaf706dedad012e9525a9c10b7e2b937a9037116cec275&o=,https://www.booking.com/hotel/it/domatio-melissa-summer-alghero.html?aid=304142&label=gen173nr-10CAQoggJCDXNlYXJjaF9zaGFyZGFIM1gEaLUBiAEBmAEzuAEXyAEM2AED6AEB-AEBiAIBqAIBuAKB5uLFBsACAdICJGFhN2E2MmNmLTk4YWMtNGJlZi1hZjJkLWQ3Y2VkZWI1YTY4MNgCAeACAQ&ucfs=1&arphpl=1&checkin=2025-11-01&checkout=2025-11-02&group_adults=2&req_adults=2&no_rooms=1&group_children=0&req_children=0&hpos=21&hapos=21&sr_order=popularity&srpvid=ed219700d654044a&srepoch=1756934941&all_sr_blocks=1379706501_410091402_2_1_0&highlighted_blocks=1379706501_410091402_2_1_0&matching_block_id=1379706501_410091402_2_1_0&sr_pri_blocks=1379706501_410091402_2_1_0__11040&from=searchresults
Hotel Fertilia,Fertilia,N/A,[],8.0,"PKR 29,574",https://cf.bstatic.com/xdata/images/hotel/square240/736158166.webp?k=1622b88211004228cca410ec85abff54ebed9537db6baec2d92d46fb826a851c&o=,https://www.booking.com/hotel/it/fertilia.html?aid=304142&label=gen173nr-10CAQoggJCDXNlYXJjaF9zaGFyZGFIM1gEaLUBiAEBmAEzuAEXyAEM2AED6AEB-AEBiAIBqAIBuAKB5uLFBsACAdICJGFhN2E2MmNmLTk4YWMtNGJlZi1hZjJkLWQ3Y2VkZWI1YTY4MNgCAeACAQ&ucfs=1&arphpl=1&checkin=2025-11-01&checkout=2025-11-02&group_adults=2&req_adults=2&no_rooms=1&group_children=0&req_children=0&hpos=22&hapos=22&sr_order=popularity&srpvid=ed219700d654044a&srepoch=1756934941&all_sr_blocks=46912201_363928436_0_1_0&highlighted_blocks=46912201_363928436_0_1_0&matching_block_id=46912201_363928436_0_1_0&sr_pri_blocks=46912201_363928436_0_1_0__9000&from=searchresults
Panorama Guest House,"Alghero City Centre, Alghero",N/A,[],9.3,"PKR 28,115",https://cf.bstatic.com/xdata/images/hotel/square240/470134172.webp?k=e535255b9d22f77170dc3678ce524d354d42d65b1ecc57d71ab1c0e9b9b31552&o=,https://www.booking.com/hotel/it/b-alghero2.html?aid=304142&label=gen173nr-10CAQoggJCDXNlYXJjaF9zaGFyZGFIM1gEaLUBiAEBmAEzuAEXyAEM2AED6AEB-AEBiAIBqAIBuAKB5uLFBsACAdICJGFhN2E2MmNmLTk4YWMtNGJlZi1hZjJkLWQ3Y2VkZWI1YTY4MNgCAeACAQ&ucfs=1&arphpl=1&checkin=2025-11-01&checkout=2025-11-02&group_adults=2&req_adults=2&no_rooms=1&group_children=0&req_children=0&hpos=23&hapos=23&sr_order=popularity&srpvid=ed219700d654044a&srepoch=1756934941&all_sr_blocks=31128903_88925882_2_1_0&highlighted_blocks=31128903_88925882_2_1_0&matching_block_id=31128903_88925882_2_1_0&sr_pri_blocks=31128903_88925882_2_1_0__8556&from=searchresults
Stella Marina,Alghero,N/A,"['Entire apartment', '2 bedrooms', '1 living room', '1 bathroom', '70 m²']",8.5,"PKR 26,288",https://cf.bstatic.com/xdata/images/hotel/square240/115217869.webp?k=c911caa8486cb807f5f8f5d09f596ac8925c26d0efd7cd4fcd9dd8cf2d6257c2&o=,https://www.booking.com/hotel/it/stella-marina-alghero.html?aid=304142&label=gen173nr-10CAQoggJCDXNlYXJjaF9zaGFyZGFIM1gEaLUBiAEBmAEzuAEXyAEM2AED6AEB-AEBiAIBqAIBuAKB5uLFBsACAdICJGFhN2E2MmNmLTk4YWMtNGJlZi1hZjJkLWQ3Y2VkZWI1YTY4MNgCAeACAQ&ucfs=1&arphpl=1&checkin=2025-11-01&checkout=2025-11-02&group_adults=2&req_adults=2&no_rooms=1&group_children=0&req_children=0&hpos=24&hapos=24&sr_order=popularity&srpvid=ed219700d654044a&srepoch=1756934941&all_sr_blocks=274364101_329769568_6_0_0&highlighted_blocks=274364101_329769568_6_0_0&matching_block_id=274364101_329769568_6_0_0&sr_pri_blocks=274364101_329769568_6_0_0__8000&from=searchresults
Casa Il Carmine,Alghero,N/A,"['Entire vacation home', '3 bedrooms', '1 living room', '2 bathrooms', '1 kitchen', '90 m²']",9.0,"PKR 25,569",https://cf.bstatic.com/xdata/images/hotel/square240/704806223.webp?k=f2f756ef34907a4b2721550f38f137b7c530618a845504544cb345b5eb7bc280&o=,https://www.booking.com/hotel/it/casa-il-carmine.html?aid=304142&label=gen173nr-10CAQoggJCDXNlYXJjaF9zaGFyZGFIM1gEaLUBiAEBmAEzuAEXyAEM2AED6AEB-AEBiAIBqAIBuAKB5uLFBsACAdICJGFhN2E2MmNmLTk4YWMtNGJlZi1hZjJkLWQ3Y2VkZWI1YTY4MNgCAeACAQ&ucfs=1&arphpl=1&checkin=2025-11-01&checkout=2025-11-02&group_adults=2&req_adults=2&no_rooms=1&group_children=0&req_children=0&hpos=25&hapos=25&sr_order=popularity&srpvid=ed219700d654044a&srepoch=1756934941&all_sr_blocks=1447376901_416124912_3_0_0&highlighted_blocks=1447376901_416124912_3_0_0&matching_block_id=1447376901_416124912_3_0_0&sr_pri_blocks=1447376901_416124912_3_0_0__7781&from=searchresults
Hotel Catalunya,Alghero,N/A,[],8.7,"PKR 35,670",https://cf.bstatic.com/xdata/images/hotel/square240/376087640.webp?k=5dcea43e57413872f97853aae22b6ac3d38ca929ce4fed46bbdffe7a4d06458b&o=,https://www.booking.com/hotel/it/catalunya.html?aid=304142&label=gen173nr-10CAQoggJCDXNlYXJjaF9zaGFyZGFIM1gEaLUBiAEBmAEzuAEXyAEM2AED6AEB-AEBiAIBqAIBuAKB5uLFBsACAdICJGFhN2E2MmNmLTk4YWMtNGJlZi1hZjJkLWQ3Y2VkZWI1YTY4MNgCAeACAQ&ucfs=1&arphpl=1&checkin=2025-11-01&checkout=2025-11-02&group_adults=2&req_adults=2&no_rooms=1&group_children=0&req_children=0&hpos=26&hapos=26&sr_order=popularity&srpvid=ed219700d654044a&srepoch=1756934941&all_sr_blocks=0_0_2_1_0&highlighted_blocks=0_0_2_1_0&matching_block_id=0_0_2_1_0&sr_pri_blocks=0_0_2_1_0__10855&from=searchresults
Hotel Soleado,Alghero,N/A,[],7.3,"PKR 17,745",https://cf.bstatic.com/xdata/images/hotel/square240/140040233.webp?k=6f445981ab61cf2bf33bcf08bf362591c4851335c1c7a99a96b309050c4aba26&o=,https://www.booking.com/hotel/it/soleado-alghero.html?aid=304142&label=gen173nr-10CAQoggJCDXNlYXJjaF9zaGFyZGFIM1gEaLUBiAEBmAEzuAEXyAEM2AED6AEB-AEBiAIBqAIBuAKB5uLFBsACAdICJGFhN2E2MmNmLTk4YWMtNGJlZi1hZjJkLWQ3Y2VkZWI1YTY4MNgCAeACAQ&ucfs=1&arphpl=1&checkin=2025-11-01&checkout=2025-11-02&group_adults=2&req_adults=2&no_rooms=1&group_children=0&req_children=0&hpos=1&hapos=27&sr_order=popularity&srpvid=ed219700d654044a&srepoch=1756934935&all_sr_blocks=1346901_388960712_0_2_0&highlighted_blocks=1346901_388960712_0_2_0&matching_block_id=1346901_388960712_0_2_0&sr_pri_blocks=1346901_388960712_0_2_0__5400&from=searchresults
Casa dei Liuti Luxury GuestHouse,"Alghero City Centre, Alghero",N/A,[],9.7,"PKR 49,872",https://cf.bstatic.com/xdata/images/hotel/square240/598811981.webp?k=5e6b45710f78dd754b858d10ddfe4f2e42c5b668e75fe363366f74fbb1a746b8&o=,https://www.booking.com/hotel/it/casa-dei-liuti.html?aid=304142&label=gen173nr-10CAQoggJCDXNlYXJjaF9zaGFyZGFIM1gEaLUBiAEBmAEzuAEXyAEM2AED6AEB-AEBiAIBqAIBuAKB5uLFBsACAdICJGFhN2E2MmNmLTk4YWMtNGJlZi1hZjJkLWQ3Y2VkZWI1YTY4MNgCAeACAQ&ucfs=1&arphpl=1&checkin=2025-11-01&checkout=2025-11-02&group_adults=2&req_adults=2&no_rooms=1&group_children=0&req_children=0&hpos=2&hapos=28&sr_order=popularity&srpvid=ed219700d654044a&srepoch=1756934935&all_sr_blocks=758811705_371088104_2_0_0&highlighted_blocks=758811705_371088104_2_0_0&matching_block_id=758811705_371088104_2_0_0&sr_pri_blocks=758811705_371088104_2_0_0__15177&from=searchresults
Casa KALI,Alghero,N/A,"['Entire apartment', '3 bedrooms', '1 living room', '2 bathrooms', '1 kitchen', '90 m²']",9.9,"PKR 81,478",https://cf.bstatic.com/xdata/images/hotel/square240/704724710.webp?k=cc4e843f6f59419bc39f0d470116de4b66cee89590c308e82d0afa0f77e175c4&o=,https://www.booking.com/hotel/it/casa-kali-alghero.html?aid=304142&label=gen173nr-10CAQoggJCDXNlYXJjaF9zaGFyZGFIM1gEaLUBiAEBmAEzuAEXyAEM2AED6AEB-AEBiAIBqAIBuAKB5uLFBsACAdICJGFhN2E2MmNmLTk4YWMtNGJlZi1hZjJkLWQ3Y2VkZWI1YTY4MNgCAeACAQ&ucfs=1&arphpl=1&checkin=2025-11-01&checkout=2025-11-02&group_adults=2&req_adults=2&no_rooms=1&group_children=0&req_children=0&hpos=3&hapos=29&sr_order=popularity&srpvid=ed219700d654044a&srepoch=1756934935&all_sr_blocks=1447204301_416165203_3_0_0&highlighted_blocks=1447204301_416165203_3_0_0&matching_block_id=1447204301_416165203_3_0_0&sr_pri_blocks=1447204301_416165203_3_0_0__24795&from=searchresults
Green Guest House Alghero,"Alghero City Centre, Alghero",N/A,[],9.3,"PKR 52,577",https://cf.bstatic.com/xdata/images/hotel/square240/588881311.webp?k=ad24c0b8beabc7c65e2a5ae9a514d843aac53b936e9cc164ecb8faac3c4ab077&o=,https://www.booking.com/hotel/it/green-guest-house-alghero.html?aid=304142&label=gen173nr-10CAQoggJCDXNlYXJjaF9zaGFyZGFIM1gEaLUBiAEBmAEzuAEXyAEM2AED6AEB-AEBiAIBqAIBuAKB5uLFBsACAdICJGFhN2E2MmNmLTk4YWMtNGJlZi1hZjJkLWQ3Y2VkZWI1YTY4MNgCAeACAQ&ucfs=1&arphpl=1&checkin=2025-11-01&checkout=2025-11-02&group_adults=2&req_adults=2&no_rooms=1&group_children=0&req_children=0&hpos=4&hapos=30&sr_order=popularity&srpvid=ed219700d654044a&srepoch=1756934935&all_sr_blocks=1259097007_398492275_2_0_0&highlighted_blocks=1259097007_398492275_2_0_0&matching_block_id=1259097007_398492275_2_0_0&sr_pri_blocks=1259097007_398492275_2_0_0__16000&from=searchresults
Anthyllis Apartment,Alghero,N/A,"['Entire apartment', '2 bedrooms', '1 living room', '1 bathroom', '1 kitchen', '90 m²']",9.5,"PKR 36,147",https://cf.bstatic.com/xdata/images/hotel/square240/118917138.webp?k=1c3faa050973fd1a1bf953640fcd69261ba6ae41db40728a8de8d4940c272860&o=,https://www.booking.com/hotel/it/anthyllisapartment.html?aid=304142&label=gen173nr-10CAQoggJCDXNlYXJjaF9zaGFyZGFIM1gEaLUBiAEBmAEzuAEXyAEM2AED6AEB-AEBiAIBqAIBuAKB5uLFBsACAdICJGFhN2E2MmNmLTk4YWMtNGJlZi1hZjJkLWQ3Y2VkZWI1YTY4MNgCAeACAQ&ucfs=1&arphpl=1&checkin=2025-11-01&checkout=2025-11-02&group_adults=2&req_adults=2&no_rooms=1&group_children=0&req_children=0&hpos=5&hapos=31&sr_order=popularity&srpvid=ed219700d654044a&srepoch=1756934935&all_sr_blocks=281793101_408096385_2_0_0&highlighted_blocks=281793101_408096385_2_0_0&matching_block_id=281793101_408096385_2_0_0&sr_pri_blocks=281793101_408096385_2_0_0__11000&from=searchresults
San Michele Suites&Rooms,"Alghero City Centre, Alghero",N/A,[],8.8,"PKR 26,535",https://cf.bstatic.com/xdata/images/hotel/square240/545715635.webp?k=f5d037b62e23964c4d89114b67f825b6e059aacc1985a76157e4473e3d394689&o=,https://www.booking.com/hotel/it/san-michele-suites-amp-rooms.html?aid=304142&label=gen173nr-10CAQoggJCDXNlYXJjaF9zaGFyZGFIM1gEaLUBiAEBmAEzuAEXyAEM2AED6AEB-AEBiAIBqAIBuAKB5uLFBsACAdICJGFhN2E2MmNmLTk4YWMtNGJlZi1hZjJkLWQ3Y2VkZWI1YTY4MNgCAeACAQ&ucfs=1&arphpl=1&checkin=2025-11-01&checkout=2025-11-02&group_adults=2&req_adults=2&no_rooms=1&group_children=0&req_children=0&hpos=6&hapos=32&sr_order=popularity&srpvid=ed219700d654044a&srepoch=1756934935&all_sr_blocks=1188073501_391152263_2_0_0&highlighted_blocks=1188073501_391152263_2_0_0&matching_block_id=1188073501_391152263_2_0_0&sr_pri_blocks=1188073501_391152263_2_0_0__8075&from=searchresults
SU PASSU Country House,Fertilia,N/A,[],9.3,"PKR 50,934",https://cf.bstatic.com/xdata/images/hotel/square240/468163990.webp?k=4465a2ccf2ad5348dc04739c125bf1327750f602b81b63f4162f3ffcabb56856&o=,https://www.booking.com/hotel/it/su-passu.html?aid=304142&label=gen173nr-10CAQoggJCDXNlYXJjaF9zaGFyZGFIM1gEaLUBiAEBmAEzuAEXyAEM2AED6AEB-AEBiAIBqAIBuAKB5uLFBsACAdICJGFhN2E2MmNmLTk4YWMtNGJlZi1hZjJkLWQ3Y2VkZWI1YTY4MNgCAeACAQ&ucfs=1&arphpl=1&checkin=2025-11-01&checkout=2025-11-02&group_adults=2&req_adults=2&no_rooms=1&group_children=0&req_children=0&hpos=7&hapos=33&sr_order=popularity&srpvid=ed219700d654044a&srepoch=1756934935&all_sr_blocks=41768909_202374817_2_1_0&highlighted_blocks=41768909_202374817_2_1_0&matching_block_id=41768909_202374817_2_1_0&sr_pri_blocks=41768909_202374817_2_1_0__15500&from=searchresults
Sa Vivenda Suite,Alghero,N/A,[],9.5,"PKR 23,988",https://cf.bstatic.com/xdata/images/hotel/square240/302915832.webp?k=e1bf667f86bb0b43edbe91b1ecc2f152a460c4b252de0b3811636ef22f5578fc&o=,https://www.booking.com/hotel/it/sa-vivenda-suite.html?aid=304142&label=gen173nr-10CAQoggJCDXNlYXJjaF9zaGFyZGFIM1gEaLUBiAEBmAEzuAEXyAEM2AED6AEB-AEBiAIBqAIBuAKB5uLFBsACAdICJGFhN2E2MmNmLTk4YWMtNGJlZi1hZjJkLWQ3Y2VkZWI1YTY4MNgCAeACAQ&ucfs=1&arphpl=1&checkin=2025-11-01&checkout=2025-11-02&group_adults=2&req_adults=2&no_rooms=1&group_children=0&req_children=0&hpos=8&hapos=34&sr_order=popularity&srpvid=ed219700d654044a&srepoch=1756934935&all_sr_blocks=740075401_383744328_2_1_0&highlighted_blocks=740075401_383744328_2_1_0&matching_block_id=740075401_383744328_2_1_0&sr_pri_blocks=740075401_383744328_2_1_0__7300&from=searchresults
Luxury Liberty House,Alghero,N/A,[],9.4,"PKR 65,064",https://cf.bstatic.com/xdata/images/hotel/square240/306518160.webp?k=48bc1558482ea4f69fa819bd3e80c7e8f523a7355e0d3e4e8759b377742cad3a&o=,https://www.booking.com/hotel/it/luxury-liberty-house.html?aid=304142&label=gen173nr-10CAQoggJCDXNlYXJjaF9zaGFyZGFIM1gEaLUBiAEBmAEzuAEXyAEM2AED6AEB-AEBiAIBqAIBuAKB5uLFBsACAdICJGFhN2E2MmNmLTk4YWMtNGJlZi1hZjJkLWQ3Y2VkZWI1YTY4MNgCAeACAQ&ucfs=1&arphpl=1&checkin=2025-11-01&checkout=2025-11-02&group_adults=2&req_adults=2&no_rooms=1&group_children=0&req_children=0&hpos=9&hapos=35&sr_order=popularity&srpvid=ed219700d654044a&srepoch=1756934935&all_sr_blocks=747831801_330914389_2_1_0&highlighted_blocks=747831801_330914389_2_1_0&matching_block_id=747831801_330914389_2_1_0&sr_pri_blocks=747831801_330914389_2_1_0__19800&from=searchresults
P&P House,Alghero,N/A,"['Entire apartment', '1 bedroom', '1 living room', '1 bathroom', '48 m²']",9.5,"PKR 24,547",https://cf.bstatic.com/xdata/images/hotel/square240/699215845.webp?k=e195558991156a9ad2515fb282fc7a18ed0394d268466a8affa0c74a0e6344e8&o=,https://www.booking.com/hotel/it/p-amp-p-house.html?aid=304142&label=gen173nr-10CAQoggJCDXNlYXJjaF9zaGFyZGFIM1gEaLUBiAEBmAEzuAEXyAEM2AED6AEB-AEBiAIBqAIBuAKB5uLFBsACAdICJGFhN2E2MmNmLTk4YWMtNGJlZi1hZjJkLWQ3Y2VkZWI1YTY4MNgCAeACAQ&ucfs=1&arphpl=1&checkin=2025-11-01&checkout=2025-11-02&group_adults=2&req_adults=2&no_rooms=1&group_children=0&req_children=0&hpos=10&hapos=36&sr_order=popularity&srpvid=ed219700d654044a&srepoch=1756934935&all_sr_blocks=1439581201_415434714_2_0_0&highlighted_blocks=1439581201_415434714_2_0_0&matching_block_id=1439581201_415434714_2_0_0&sr_pri_blocks=1439581201_415434714_2_0_0__7470&from=searchresults
B & B Brisa del Mar,Alghero,N/A,[],7.9,"PKR 21,359",https://cf.bstatic.com/xdata/images/hotel/square240/343253229.webp?k=d7868767fcba2195ebb80e7343fe75e66255bfe1c597222afe4bd04661adb365&o=,https://www.booking.com/hotel/it/b-amp-b-brisa-del-mar.html?aid=304142&label=gen173nr-10CAQoggJCDXNlYXJjaF9zaGFyZGFIM1gEaLUBiAEBmAEzuAEXyAEM2AED6AEB-AEBiAIBqAIBuAKB5uLFBsACAdICJGFhN2E2MmNmLTk4YWMtNGJlZi1hZjJkLWQ3Y2VkZWI1YTY4MNgCAeACAQ&ucfs=1&arphpl=1&checkin=2025-11-01&checkout=2025-11-02&group_adults=2&req_adults=2&no_rooms=1&group_children=0&req_children=0&hpos=11&hapos=37&sr_order=popularity&srpvid=ed219700d654044a&srepoch=1756934935&all_sr_blocks=224572002_348974912_2_1_0&highlighted_blocks=224572002_348974912_2_1_0&matching_block_id=224572002_348974912_2_1_0&sr_pri_blocks=224572002_348974912_2_1_0__6500&from=searchresults
Royal Retreat,Alghero,N/A,[],8.8,"PKR 27,931",https://cf.bstatic.com/xdata/images/hotel/square240/630851791.webp?k=629fab2a6b64ca7b007b5405160c2983d842b79810f75a2e3de4234a96d2cd82&o=,https://www.booking.com/hotel/it/royal-retreat.html?aid=304142&label=gen173nr-10CAQoggJCDXNlYXJjaF9zaGFyZGFIM1gEaLUBiAEBmAEzuAEXyAEM2AED6AEB-AEBiAIBqAIBuAKB5uLFBsACAdICJGFhN2E2MmNmLTk4YWMtNGJlZi1hZjJkLWQ3Y2VkZWI1YTY4MNgCAeACAQ&ucfs=1&arphpl=1&checkin=2025-11-01&checkout=2025-11-02&group_adults=2&req_adults=2&no_rooms=1&group_children=0&req_children=0&hpos=12&hapos=38&sr_order=popularity&srpvid=ed219700d654044a&srepoch=1756934935&all_sr_blocks=1178406201_390343734_2_0_0&highlighted_blocks=1178406201_390343734_2_0_0&matching_block_id=1178406201_390343734_2_0_0&sr_pri_blocks=1178406201_390343734_2_0_0__8500&from=searchresults
Istella D&V,Alghero,N/A,"['Entire apartment', '2 bedrooms', '1 living room', '1 bathroom', '1 kitchen', '60 m²']",8.7,"PKR 30,271",https://cf.bstatic.com/xdata/images/hotel/square240/554072004.webp?k=d38f10bc5a2d9e6bb1f44b6c7083362d99479111ee1fbd0c0ff110666da75a1d&o=,https://www.booking.com/hotel/it/istella-d-amp-v.html?aid=304142&label=gen173nr-10CAQoggJCDXNlYXJjaF9zaGFyZGFIM1gEaLUBiAEBmAEzuAEXyAEM2AED6AEB-AEBiAIBqAIBuAKB5uLFBsACAdICJGFhN2E2MmNmLTk4YWMtNGJlZi1hZjJkLWQ3Y2VkZWI1YTY4MNgCAeACAQ&ucfs=1&arphpl=1&checkin=2025-11-01&checkout=2025-11-02&group_adults=2&req_adults=2&no_rooms=1&group_children=0&req_children=0&hpos=13&hapos=39&sr_order=popularity&srpvid=ed219700d654044a&srepoch=1756934935&all_sr_blocks=1020435701_374431906_2_0_0&highlighted_blocks=1020435701_374431906_2_0_0&matching_block_id=1020435701_374431906_2_0_0&sr_pri_blocks=1020435701_374431906_2_0_0__9212&from=searchresults
Alghero Roof Garden,"Alghero City Centre, Alghero",N/A,[],8.9,"PKR 36,147",https://cf.bstatic.com/xdata/images/hotel/square240/117591476.webp?k=18fe28e25f566aa98301d8b6e65b624cef2a190ae443ce0d0170b7e6fe352e34&o=,https://www.booking.com/hotel/it/alghero-roof-garden.html?aid=304142&label=gen173nr-10CAQoggJCDXNlYXJjaF9zaGFyZGFIM1gEaLUBiAEBmAEzuAEXyAEM2AED6AEB-AEBiAIBqAIBuAKB5uLFBsACAdICJGFhN2E2MmNmLTk4YWMtNGJlZi1hZjJkLWQ3Y2VkZWI1YTY4MNgCAeACAQ&ucfs=1&arphpl=1&checkin=2025-11-01&checkout=2025-11-02&group_adults=2&req_adults=2&no_rooms=1&group_children=0&req_children=0&hpos=14&hapos=40&sr_order=popularity&srpvid=ed219700d654044a&srepoch=1756934935&all_sr_blocks=279894201_410833638_0_1_0&highlighted_blocks=279894201_410833638_0_1_0&matching_block_id=279894201_410833638_0_1_0&sr_pri_blocks=279894201_410833638_0_1_0__11000&from=searchresults
Hotel La Margherita & SPA,"Alghero City Centre, Alghero",N/A,[],8.2,"PKR 23,453",https://cf.bstatic.com/xdata/images/hotel/square240/701121842.webp?k=5e5408ea9578e970afadd685dca0c3952f5e2180bc2e348a829574c84c5183f2&o=,https://www.booking.com/hotel/it/la-margherita.html?aid=304142&label=gen173nr-10CAQoggJCDXNlYXJjaF9zaGFyZGFIM1gEaLUBiAEBmAEzuAEXyAEM2AED6AEB-AEBiAIBqAIBuAKB5uLFBsACAdICJGFhN2E2MmNmLTk4YWMtNGJlZi1hZjJkLWQ3Y2VkZWI1YTY4MNgCAeACAQ&ucfs=1&arphpl=1&checkin=2025-11-01&checkout=2025-11-02&group_adults=2&req_adults=2&no_rooms=1&group_children=0&req_children=0&hpos=15&hapos=41&sr_order=popularity&srpvid=ed219700d654044a&srepoch=1756934935&all_sr_blocks=8915803_0_2_0_0&highlighted_blocks=8915803_0_2_0_0&matching_block_id=8915803_0_2_0_0&sr_pri_blocks=8915803_0_2_0_0__7137&from=searchresults
F53 Kevin's Charming Houses,"Alghero City Centre, Alghero",N/A,[],9.4,"PKR 25,303",https://cf.bstatic.com/xdata/images/hotel/square240/87323878.webp?k=1ceb047babb5826b1f2a17e3a06d121aa4ee4838c13441a88b9e091138c9a210&o=,https://www.booking.com/hotel/it/kevin-charming-house.html?aid=304142&label=gen173nr-10CAQoggJCDXNlYXJjaF9zaGFyZGFIM1gEaLUBiAEBmAEzuAEXyAEM2AED6AEB-AEBiAIBqAIBuAKB5uLFBsACAdICJGFhN2E2MmNmLTk4YWMtNGJlZi1hZjJkLWQ3Y2VkZWI1YTY4MNgCAeACAQ&ucfs=1&arphpl=1&checkin=2025-11-01&checkout=2025-11-02&group_adults=2&req_adults=2&no_rooms=1&group_children=0&req_children=0&hpos=16&hapos=42&sr_order=popularity&srpvid=ed219700d654044a&srepoch=1756934935&all_sr_blocks=172966305_348939819_0_0_0_703830&highlighted_blocks=172966305_348939819_0_0_0_703830&matching_block_id=172966305_348939819_0_0_0_703830&sr_pri_blocks=172966305_348939819_0_0_0_703830_7700&from=searchresults
Da Rita,Villanova Monteleone,N/A,[],10,"PKR 19,223",https://cf.bstatic.com/xdata/images/hotel/square240/697612902.webp?k=0f5c25a270acbd54441c28a3539b5f0d7e10760ff555add5641a0e8aa91ff9a9&o=,https://www.booking.com/hotel/it/da-rita-villanova-monteleone.html?aid=304142&label=gen173nr-10CAQoggJCDXNlYXJjaF9zaGFyZGFIM1gEaLUBiAEBmAEzuAEXyAEM2AED6AEB-AEBiAIBqAIBuAKB5uLFBsACAdICJGFhN2E2MmNmLTk4YWMtNGJlZi1hZjJkLWQ3Y2VkZWI1YTY4MNgCAeACAQ&ucfs=1&arphpl=1&checkin=2025-11-01&checkout=2025-11-02&group_adults=2&req_adults=2&no_rooms=1&group_children=0&req_children=0&hpos=17&hapos=43&sr_order=popularity&srpvid=ed219700d654044a&srepoch=1756934935&all_sr_blocks=1437370501_415231760_2_2_0&highlighted_blocks=1437370501_415231760_2_2_0&matching_block_id=1437370501_415231760_2_2_0&sr_pri_blocks=1437370501_415231760_2_2_0__5850&from=searchresults
Casa del Sole Guest House,"Alghero City Centre, Alghero",N/A,[],9.1,"PKR 73,936",https://cf.bstatic.com/xdata/images/hotel/square240/714639651.webp?k=c7751834d5d99b7a26656bafba1fd07797c90edac44c80e8cb9609ab93910538&o=,https://www.booking.com/hotel/it/casa-del-sole-alghero2.html?aid=304142&label=gen173nr-10CAQoggJCDXNlYXJjaF9zaGFyZGFIM1gEaLUBiAEBmAEzuAEXyAEM2AED6AEB-AEBiAIBqAIBuAKB5uLFBsACAdICJGFhN2E2MmNmLTk4YWMtNGJlZi1hZjJkLWQ3Y2VkZWI1YTY4MNgCAeACAQ&ucfs=1&arphpl=1&checkin=2025-11-01&checkout=2025-11-02&group_adults=2&req_adults=2&no_rooms=1&group_children=0&req_children=0&hpos=18&hapos=44&sr_order=popularity&srpvid=ed219700d654044a&srepoch=1756934935&all_sr_blocks=1457640401_417101926_2_0_0&highlighted_blocks=1457640401_417101926_2_0_0&matching_block_id=1457640401_417101926_2_0_0&sr_pri_blocks=1457640401_417101926_2_0_0__22500&from=searchresults
Porta D'Oro Charming House II & Spa,Alghero,N/A,[],9.0,"PKR 35,818",https://cf.bstatic.com/xdata/images/hotel/square240/515534408.webp?k=de32e88f479721dc3666d326ba20689a0411638d4d6e14bc21ebf44269fe6b52&o=,https://www.booking.com/hotel/it/porta-d-oro-charming-house-ii-amp-spa.html?aid=304142&label=gen173nr-10CAQoggJCDXNlYXJjaF9zaGFyZGFIM1gEaLUBiAEBmAEzuAEXyAEM2AED6AEB-AEBiAIBqAIBuAKB5uLFBsACAdICJGFhN2E2MmNmLTk4YWMtNGJlZi1hZjJkLWQ3Y2VkZWI1YTY4MNgCAeACAQ&ucfs=1&arphpl=1&checkin=2025-11-01&checkout=2025-11-02&group_adults=2&req_adults=2&no_rooms=1&group_children=0&req_children=0&hpos=19&hapos=45&sr_order=popularity&srpvid=ed219700d654044a&srepoch=1756934935&all_sr_blocks=1127109001_417489814_2_0_0&highlighted_blocks=1127109001_417489814_2_0_0&matching_block_id=1127109001_417489814_2_0_0&sr_pri_blocks=1127109001_417489814_2_0_0__10900&from=searchresults
Inghirios Wellness Country Resort,Santa Maria la Palma,N/A,[],9.2,"PKR 59,149",https://cf.bstatic.com/xdata/images/hotel/square240/663381325.webp?k=6cd076190f7c8d0f6bc183e7e32479f244e0d8b05872cdde22a5410577f64848&o=,https://www.booking.com/hotel/it/wellness-country-spa-inghirios.html?aid=304142&label=gen173nr-10CAQoggJCDXNlYXJjaF9zaGFyZGFIM1gEaLUBiAEBmAEzuAEXyAEM2AED6AEB-AEBiAIBqAIBuAKB5uLFBsACAdICJGFhN2E2MmNmLTk4YWMtNGJlZi1hZjJkLWQ3Y2VkZWI1YTY4MNgCAeACAQ&ucfs=1&arphpl=1&checkin=2025-11-01&checkout=2025-11-02&group_adults=2&req_adults=2&no_rooms=1&group_children=0&req_children=0&hpos=20&hapos=46&sr_order=popularity&srpvid=ed219700d654044a&srepoch=1756934935&all_sr_blocks=143690102_333277889_2_1_0&highlighted_blocks=143690102_333277889_2_1_0&matching_block_id=143690102_333277889_2_1_0&sr_pri_blocks=143690102_333277889_2_1_0__18000&from=searchresults
Bouganville,Olmedo,N/A,"['Entire vacation home', '2 bedrooms', '1 bathroom', '50 m²']",9.2,"PKR 36,147",https://cf.bstatic.com/xdata/images/hotel/square240/557981530.webp?k=e556802678c4a592e4870c9ad908aa920fa5d56ec6717e9072e5bf2861c13108&o=,https://www.booking.com/hotel/it/bouganville-olmedo.html?aid=304142&label=gen173nr-10CAQoggJCDXNlYXJjaF9zaGFyZGFIM1gEaLUBiAEBmAEzuAEXyAEM2AED6AEB-AEBiAIBqAIBuAKB5uLFBsACAdICJGFhN2E2MmNmLTk4YWMtNGJlZi1hZjJkLWQ3Y2VkZWI1YTY4MNgCAeACAQ&ucfs=1&arphpl=1&checkin=2025-11-01&checkout=2025-11-02&group_adults=2&req_adults=2&no_rooms=1&group_children=0&req_children=0&hpos=21&hapos=47&sr_order=popularity&srpvid=ed219700d654044a&srepoch=1756934935&all_sr_blocks=878884301_406117596_2_0_0&highlighted_blocks=878884301_406117596_2_0_0&matching_block_id=878884301_406117596_2_0_0&sr_pri_blocks=878884301_406117596_2_0_0__11000&from=searchresults
Palau Marco Polo,"Alghero City Centre, Alghero",N/A,[],7.7,"PKR 20,045",https://cf.bstatic.com/xdata/images/hotel/square240/356507970.webp?k=21b6ec0fae1c109001406b256eb54d28f0ddcfb922e02cf1db907a39afc2d81b&o=,https://www.booking.com/hotel/it/sabrina-aranzanu.html?aid=304142&label=gen173nr-10CAQoggJCDXNlYXJjaF9zaGFyZGFIM1gEaLUBiAEBmAEzuAEXyAEM2AED6AEB-AEBiAIBqAIBuAKB5uLFBsACAdICJGFhN2E2MmNmLTk4YWMtNGJlZi1hZjJkLWQ3Y2VkZWI1YTY4MNgCAeACAQ&ucfs=1&arphpl=1&checkin=2025-11-01&checkout=2025-11-02&group_adults=2&req_adults=2&no_rooms=1&group_children=0&req_children=0&hpos=22&hapos=48&sr_order=popularity&srpvid=ed219700d654044a&srepoch=1756934935&all_sr_blocks=87690312_403973911_2_0_0&highlighted_blocks=87690312_403973911_2_0_0&matching_block_id=87690312_403973911_2_0_0&sr_pri_blocks=87690312_403973911_2_0_0__6100&from=searchresults
colors house,Alghero,N/A,[],7.8,"PKR 26,288",https://cf.bstatic.com/xdata/images/hotel/square240/200569352.webp?k=1123670ae7d3a7893100c46f176b6f15b43ab6ecbfef65b7d6a5aa7e13d95e97&o=,https://www.booking.com/hotel/it/colors-house-alghero.html?aid=304142&label=gen173nr-10CAQoggJCDXNlYXJjaF9zaGFyZGFIM1gEaLUBiAEBmAEzuAEXyAEM2AED6AEB-AEBiAIBqAIBuAKB5uLFBsACAdICJGFhN2E2MmNmLTk4YWMtNGJlZi1hZjJkLWQ3Y2VkZWI1YTY4MNgCAeACAQ&ucfs=1&arphpl=1&checkin=2025-11-01&checkout=2025-11-02&group_adults=2&req_adults=2&no_rooms=1&group_children=0&req_children=0&hpos=23&hapos=49&sr_order=popularity&srpvid=ed219700d654044a&srepoch=1756934935&all_sr_blocks=511539901_200094371_2_1_0&highlighted_blocks=511539901_200094371_2_1_0&matching_block_id=511539901_200094371_2_1_0&sr_pri_blocks=511539901_200094371_2_1_0__8000&from=searchresults
Hotel Riviera,Alghero,N/A,[],7.9,"PKR 17,255",https://cf.bstatic.com/xdata/images/hotel/square240/223081418.webp?k=929470f1352862e5e0110f56d88c240fc1731968b3088999088ff8f0e63ea973&o=,https://www.booking.com/hotel/it/riviera-alghero.html?aid=304142&label=gen173nr-10CAQoggJCDXNlYXJjaF9zaGFyZGFIM1gEaLUBiAEBmAEzuAEXyAEM2AED6AEB-AEBiAIBqAIBuAKB5uLFBsACAdICJGFhN2E2MmNmLTk4YWMtNGJlZi1hZjJkLWQ3Y2VkZWI1YTY4MNgCAeACAQ&ucfs=1&arphpl=1&checkin=2025-11-01&checkout=2025-11-02&group_adults=2&req_adults=2&no_rooms=1&group_children=0&req_children=0&hpos=24&hapos=50&sr_order=popularity&srpvid=ed219700d654044a&srepoch=1756934935&all_sr_blocks=18644410_389047072_0_2_0&highlighted_blocks=18644410_389047072_0_2_0&matching_block_id=18644410_389047072_0_2_0&sr_pri_blocks=18644410_389047072_0_2_0__5251&from=searchresults
Villa Barbarina Nature Resort,Santa Maria la Palma,N/A,[],8.6,"PKR 25,828",https://cf.bstatic.com/xdata/images/hotel/square240/712005603.webp?k=fe347cdac73ab736d7afd7483396cb4480441501265582c68b2d0fac00115972&o=,https://www.booking.com/hotel/it/villa-barbarina.html?aid=304142&label=gen173nr-10CAQoggJCDXNlYXJjaF9zaGFyZGFIM1gEaLUBiAEBmAEzuAEXyAEM2AED6AEB-AEBiAIBqAIBuAKB5uLFBsACAdICJGFhN2E2MmNmLTk4YWMtNGJlZi1hZjJkLWQ3Y2VkZWI1YTY4MNgCAeACAQ&ucfs=1&arphpl=1&checkin=2025-11-01&checkout=2025-11-02&group_adults=2&req_adults=2&no_rooms=1&group_children=0&req_children=0&hpos=25&hapos=51&sr_order=popularity&srpvid=ed219700d654044a&srepoch=1756934935&all_sr_blocks=0_0_2_1_0&highlighted_blocks=0_0_2_1_0&matching_block_id=0_0_2_1_0&sr_pri_blocks=0_0_2_1_0__7860&from=searchresults
Relais Bellavista 5,Miniera dellʼArgentiera,N/A,[],9.0,"PKR 50,277",https://cf.bstatic.com/xdata/images/hotel/square240/298513184.webp?k=aa6cda3bc01298811b870c202f59e0627489012bb252b5f08645d9c03a334222&o=,https://www.booking.com/hotel/it/relais-bellavista-5-camera-r.html?aid=304142&label=gen173nr-10CAQoggJCDXNlYXJjaF9zaGFyZGFIM1gEaLUBiAEBmAEzuAEXyAEM2AED6AEB-AEBiAIBqAIBuAKB5uLFBsACAdICJGFhN2E2MmNmLTk4YWMtNGJlZi1hZjJkLWQ3Y2VkZWI1YTY4MNgCAeACAQ&ucfs=1&arphpl=1&checkin=2025-11-01&checkout=2025-11-02&group_adults=2&req_adults=2&no_rooms=1&group_children=0&req_children=0&hpos=1&hapos=52&sr_order=popularity&srpvid=ed219700d654044a&srepoch=1756934941&all_sr_blocks=514395001_177622264_2_1_0&highlighted_blocks=514395001_177622264_2_1_0&matching_block_id=514395001_177622264_2_1_0&sr_pri_blocks=514395001_177622264_2_1_0__15300&from=searchresults
Loft in centro Maiorca,"Alghero City Centre, Alghero",N/A,"['Entire apartment', '1 bedroom', '2 bathrooms', '1 kitchen', '70 m²']",9.8,"PKR 164,302",https://cf.bstatic.com/xdata/images/hotel/square240/642882392.webp?k=32961d758dd94c5986e2346f6a839f33a714682ca3340a24a25a75fca00b3e76&o=,https://www.booking.com/hotel/it/loft-in-centro-maiorca.html?aid=304142&label=gen173nr-10CAQoggJCDXNlYXJjaF9zaGFyZGFIM1gEaLUBiAEBmAEzuAEXyAEM2AED6AEB-AEBiAIBqAIBuAKB5uLFBsACAdICJGFhN2E2MmNmLTk4YWMtNGJlZi1hZjJkLWQ3Y2VkZWI1YTY4MNgCAeACAQ&ucfs=1&arphpl=1&checkin=2025-11-01&checkout=2025-11-02&group_adults=2&req_adults=2&no_rooms=1&group_children=0&req_children=0&hpos=2&hapos=53&sr_order=popularity&srpvid=ed219700d654044a&srepoch=1756934941&all_sr_blocks=1287096301_401666055_2_0_0&highlighted_blocks=1287096301_401666055_2_0_0&matching_block_id=1287096301_401666055_2_0_0&sr_pri_blocks=1287096301_401666055_2_0_0__50000&from=searchresults
Robely rooms,Alghero,N/A,[],9.4,"PKR 34,011",https://cf.bstatic.com/xdata/images/hotel/square240/570228432.webp?k=ef9fb5f402a3caa88c80693e2437d45e30b74740c3e984f9cb109b236ab030ef&o=,https://www.booking.com/hotel/it/robely-rooms.html?aid=304142&label=gen173nr-10CAQoggJCDXNlYXJjaF9zaGFyZGFIM1gEaLUBiAEBmAEzuAEXyAEM2AED6AEB-AEBiAIBqAIBuAKB5uLFBsACAdICJGFhN2E2MmNmLTk4YWMtNGJlZi1hZjJkLWQ3Y2VkZWI1YTY4MNgCAeACAQ&ucfs=1&arphpl=1&checkin=2025-11-01&checkout=2025-11-02&group_adults=2&req_adults=2&no_rooms=1&group_children=0&req_children=0&hpos=3&hapos=54&sr_order=popularity&srpvid=ed219700d654044a&srepoch=1756934941&all_sr_blocks=1224954101_404094804_2_1_0_486407&highlighted_blocks=1224954101_404094804_2_1_0_486407&matching_block_id=1224954101_404094804_2_1_0_486407&sr_pri_blocks=1224954101_404094804_2_1_0_486407_10350&from=searchresults
Piazza Ginnasio Affittacamere,"Alghero City Centre, Alghero",N/A,[],7.9,"PKR 17,909",https://cf.bstatic.com/xdata/images/hotel/square240/137622962.webp?k=ecf30698051da9ea09239c9d7d525380b436c1a456c5f87b74c49a5851e891db&o=,https://www.booking.com/hotel/it/piazza-ginnasio-affittacamere.html?aid=304142&label=gen173nr-10CAQoggJCDXNlYXJjaF9zaGFyZGFIM1gEaLUBiAEBmAEzuAEXyAEM2AED6AEB-AEBiAIBqAIBuAKB5uLFBsACAdICJGFhN2E2MmNmLTk4YWMtNGJlZi1hZjJkLWQ3Y2VkZWI1YTY4MNgCAeACAQ&ucfs=1&arphpl=1&checkin=2025-11-01&checkout=2025-11-02&group_adults=2&req_adults=2&no_rooms=1&group_children=0&req_children=0&hpos=4&hapos=55&sr_order=popularity&srpvid=ed219700d654044a&srepoch=1756934941&all_sr_blocks=324496301_182141067_2_0_0&highlighted_blocks=324496301_182141067_2_0_0&matching_block_id=324496301_182141067_2_0_0&sr_pri_blocks=324496301_182141067_2_0_0__5450&from=searchresults
VALVERDE CENTRAL Studio Flat,Alghero,N/A,"['Entire apartment', '1 bedroom', '1 bathroom', '28 m²']",9.1,"PKR 26,617",https://cf.bstatic.com/xdata/images/hotel/square240/619326296.webp?k=016d868dd88dccf7dfdebae6b9d99e607a61bb11ffd785519c54af8ef4e72095&o=,https://www.booking.com/hotel/it/valverde-studio-vacanze.html?aid=304142&label=gen173nr-10CAQoggJCDXNlYXJjaF9zaGFyZGFIM1gEaLUBiAEBmAEzuAEXyAEM2AED6AEB-AEBiAIBqAIBuAKB5uLFBsACAdICJGFhN2E2MmNmLTk4YWMtNGJlZi1hZjJkLWQ3Y2VkZWI1YTY4MNgCAeACAQ&ucfs=1&arphpl=1&checkin=2025-11-01&checkout=2025-11-02&group_adults=2&req_adults=2&no_rooms=1&group_children=0&req_children=0&hpos=5&hapos=56&sr_order=popularity&srpvid=ed219700d654044a&srepoch=1756934941&all_sr_blocks=995253701_372424072_2_1_0&highlighted_blocks=995253701_372424072_2_1_0&matching_block_id=995253701_372424072_2_1_0&sr_pri_blocks=995253701_372424072_2_1_0__8100&from=searchresults
Beach Rooms 1 Self Check-in,Alghero,N/A,[],9.2,"PKR 19,716",https://cf.bstatic.com/xdata/images/hotel/square240/577170847.webp?k=66f996f9351e4ba12941227668019d2558ba9e394ea4a2d0da74f9f7f9a54b93&o=,https://www.booking.com/hotel/it/beach-rooms-1.html?aid=304142&label=gen173nr-10CAQoggJCDXNlYXJjaF9zaGFyZGFIM1gEaLUBiAEBmAEzuAEXyAEM2AED6AEB-AEBiAIBqAIBuAKB5uLFBsACAdICJGFhN2E2MmNmLTk4YWMtNGJlZi1hZjJkLWQ3Y2VkZWI1YTY4MNgCAeACAQ&ucfs=1&arphpl=1&checkin=2025-11-01&checkout=2025-11-02&group_adults=2&req_adults=2&no_rooms=1&group_children=0&req_children=0&hpos=6&hapos=57&sr_order=popularity&srpvid=ed219700d654044a&srepoch=1756934941&all_sr_blocks=1240696601_413788028_2_0_0&highlighted_blocks=1240696601_413788028_2_0_0&matching_block_id=1240696601_413788028_2_0_0&sr_pri_blocks=1240696601_413788028_2_0_0__6000&from=searchresults
Agriturismo La Barca In Secca,Olmedo,N/A,"['Entire apartment', '1 bedroom', '1 living room', '1 bathroom', '1 kitchen', '35 m²']",9.0,"PKR 24,645",https://cf.bstatic.com/xdata/images/hotel/square240/270445406.webp?k=2a3a339b9210de4c98defa7de09c2263990e1f449e2021db76fd4b9b9578dfe1&o=,https://www.booking.com/hotel/it/la-barca-in-secca.html?aid=304142&label=gen173nr-10CAQoggJCDXNlYXJjaF9zaGFyZGFIM1gEaLUBiAEBmAEzuAEXyAEM2AED6AEB-AEBiAIBqAIBuAKB5uLFBsACAdICJGFhN2E2MmNmLTk4YWMtNGJlZi1hZjJkLWQ3Y2VkZWI1YTY4MNgCAeACAQ&ucfs=1&arphpl=1&checkin=2025-11-01&checkout=2025-11-02&group_adults=2&req_adults=2&no_rooms=1&group_children=0&req_children=0&hpos=7&hapos=58&sr_order=popularity&srpvid=ed219700d654044a&srepoch=1756934941&all_sr_blocks=32382001_88456167_2_0_0&highlighted_blocks=32382001_88456167_2_0_0&matching_block_id=32382001_88456167_2_0_0&sr_pri_blocks=32382001_88456167_2_0_0__7500&from=searchresults
Appartamento centrale con Terrazza,Alghero,N/A,"['Entire apartment', '1 bedroom', '1 bathroom', '45 m²']",7.8,"PKR 207,021",https://cf.bstatic.com/xdata/images/hotel/square240/570829572.webp?k=a772a691a20cdd0cc63c6cf463821c7782c9e7eadbe8e8ffab98433bcc07924d&o=,https://www.booking.com/hotel/it/appartamento-centrale-con-terrazza.html?aid=304142&label=gen173nr-10CAQoggJCDXNlYXJjaF9zaGFyZGFIM1gEaLUBiAEBmAEzuAEXyAEM2AED6AEB-AEBiAIBqAIBuAKB5uLFBsACAdICJGFhN2E2MmNmLTk4YWMtNGJlZi1hZjJkLWQ3Y2VkZWI1YTY4MNgCAeACAQ&ucfs=1&arphpl=1&checkin=2025-11-01&checkout=2025-11-02&group_adults=2&req_adults=2&no_rooms=1&group_children=0&req_children=0&hpos=8&hapos=59&sr_order=popularity&srpvid=ed219700d654044a&srepoch=1756934941&all_sr_blocks=1223187701_394452296_2_0_0&highlighted_blocks=1223187701_394452296_2_0_0&matching_block_id=1223187701_394452296_2_0_0&sr_pri_blocks=1223187701_394452296_2_0_0__63000&from=searchresults
Hily's House,Alghero,N/A,"['Entire apartment', '1 bedroom', '1 living room', '1 bathroom', '1 kitchen', '59 m²']",9.1,"PKR 26,535",https://cf.bstatic.com/xdata/images/hotel/square240/669038260.webp?k=bb319787e35f69b318bf11f02a8c612cc1b5d88982c6197585505f54ec89857e&o=,https://www.booking.com/hotel/it/hily-shouse.html?aid=304142&label=gen173nr-10CAQoggJCDXNlYXJjaF9zaGFyZGFIM1gEaLUBiAEBmAEzuAEXyAEM2AED6AEB-AEBiAIBqAIBuAKB5uLFBsACAdICJGFhN2E2MmNmLTk4YWMtNGJlZi1hZjJkLWQ3Y2VkZWI1YTY4MNgCAeACAQ&ucfs=1&arphpl=1&checkin=2025-11-01&checkout=2025-11-02&group_adults=2&req_adults=2&no_rooms=1&group_children=0&req_children=0&hpos=9&hapos=60&sr_order=popularity&srpvid=ed219700d654044a&srepoch=1756934941&all_sr_blocks=1391184001_412077893_2_0_0&highlighted_blocks=1391184001_412077893_2_0_0&matching_block_id=1391184001_412077893_2_0_0&sr_pri_blocks=1391184001_412077893_2_0_0__8075&from=searchresults
Il Sogno di Giò,Alghero,N/A,[],9.5,"PKR 31,217",https://cf.bstatic.com/xdata/images/hotel/square240/531357534.webp?k=ab9fc2fc53a566b39f61fcc24a712281ba814ec6a3a06c68d2e0ac4e5ee849c8&o=,https://www.booking.com/hotel/it/il-sogno-di-gio-alghero.html?aid=304142&label=gen173nr-10CAQoggJCDXNlYXJjaF9zaGFyZGFIM1gEaLUBiAEBmAEzuAEXyAEM2AED6AEB-AEBiAIBqAIBuAKB5uLFBsACAdICJGFhN2E2MmNmLTk4YWMtNGJlZi1hZjJkLWQ3Y2VkZWI1YTY4MNgCAeACAQ&ucfs=1&arphpl=1&checkin=2025-11-01&checkout=2025-11-02&group_adults=2&req_adults=2&no_rooms=1&group_children=0&req_children=0&hpos=10&hapos=61&sr_order=popularity&srpvid=ed219700d654044a&srepoch=1756934941&all_sr_blocks=1160455406_400130347_2_1_0&highlighted_blocks=1160455406_400130347_2_1_0&matching_block_id=1160455406_400130347_2_1_0&sr_pri_blocks=1160455406_400130347_2_1_0__9500&from=searchresults
POMA DE CASA - Carrer de Pa i Algua,"Alghero City Centre, Alghero",N/A,"['Entire apartment', '1 bedroom', '1 living room', '1 bathroom', '1 kitchen', '38 m²']",8.9,"PKR 36,620",https://cf.bstatic.com/xdata/images/hotel/square240/516371192.webp?k=f27278caff42c738554d45135e29d5d1841fa7e81da1e17d456bdd714b8397d1&o=,https://www.booking.com/hotel/it/poma-de-casa-carrer-de-la-posta-vella.html?aid=304142&label=gen173nr-10CAQoggJCDXNlYXJjaF9zaGFyZGFIM1gEaLUBiAEBmAEzuAEXyAEM2AED6AEB-AEBiAIBqAIBuAKB5uLFBsACAdICJGFhN2E2MmNmLTk4YWMtNGJlZi1hZjJkLWQ3Y2VkZWI1YTY4MNgCAeACAQ&ucfs=1&arphpl=1&checkin=2025-11-01&checkout=2025-11-02&group_adults=2&req_adults=2&no_rooms=1&group_children=0&req_children=0&hpos=11&hapos=62&sr_order=popularity&srpvid=ed219700d654044a&srepoch=1756934941&all_sr_blocks=981617001_370427279_2_0_0&highlighted_blocks=981617001_370427279_2_0_0&matching_block_id=981617001_370427279_2_0_0&sr_pri_blocks=981617001_370427279_2_0_0__11144&from=searchresults
Nonna Nannina Guest House,"Alghero City Centre, Alghero",N/A,[],8.3,"PKR 23,002",https://cf.bstatic.com/xdata/images/hotel/square240/297714021.webp?k=3f25312c3845df00fdf169801978c4cbe873332bfd28c525fe7638022bcd12a0&o=,https://www.booking.com/hotel/it/nonna-nannina-guest-house.html?aid=304142&label=gen173nr-10CAQoggJCDXNlYXJjaF9zaGFyZGFIM1gEaLUBiAEBmAEzuAEXyAEM2AED6AEB-AEBiAIBqAIBuAKB5uLFBsACAdICJGFhN2E2MmNmLTk4YWMtNGJlZi1hZjJkLWQ3Y2VkZWI1YTY4MNgCAeACAQ&ucfs=1&arphpl=1&checkin=2025-11-01&checkout=2025-11-02&group_adults=2&req_adults=2&no_rooms=1&group_children=0&req_children=0&hpos=12&hapos=63&sr_order=popularity&srpvid=ed219700d654044a&srepoch=1756934941&all_sr_blocks=658392603_269984306_2_0_0&highlighted_blocks=658392603_269984306_2_0_0&matching_block_id=658392603_269984306_2_0_0&sr_pri_blocks=658392603_269984306_2_0_0__7000&from=searchresults
Athena,Alghero,N/A,[],9.5,"PKR 19,059",https://cf.bstatic.com/xdata/images/hotel/square240/640296303.webp?k=c372cdcd8a04d8a84802dbdf4a1205113ab1e6a059a09f7555757d8b1506a12e&o=,https://www.booking.com/hotel/it/athena-alghero.html?aid=304142&label=gen173nr-10CAQoggJCDXNlYXJjaF9zaGFyZGFIM1gEaLUBiAEBmAEzuAEXyAEM2AED6AEB-AEBiAIBqAIBuAKB5uLFBsACAdICJGFhN2E2MmNmLTk4YWMtNGJlZi1hZjJkLWQ3Y2VkZWI1YTY4MNgCAeACAQ&ucfs=1&arphpl=1&checkin=2025-11-01&checkout=2025-11-02&group_adults=2&req_adults=2&no_rooms=1&group_children=0&req_children=0&hpos=13&hapos=64&sr_order=popularity&srpvid=ed219700d654044a&srepoch=1756934941&all_sr_blocks=1347371603_407090101_2_0_0&highlighted_blocks=1347371603_407090101_2_0_0&matching_block_id=1347371603_407090101_2_0_0&sr_pri_blocks=1347371603_407090101_2_0_0__5800&from=searchresults
Baia delle foche,Fertilia,N/A,[],9.9,"PKR 36,968",https://cf.bstatic.com/xdata/images/hotel/square240/479335380.webp?k=320753134cd54bf39b8bbf0e722db1f0e83fbead1337bdb405f0e84630298c4d&o=,https://www.booking.com/hotel/it/baia-delle-foche-fertilia.html?aid=304142&label=gen173nr-10CAQoggJCDXNlYXJjaF9zaGFyZGFIM1gEaLUBiAEBmAEzuAEXyAEM2AED6AEB-AEBiAIBqAIBuAKB5uLFBsACAdICJGFhN2E2MmNmLTk4YWMtNGJlZi1hZjJkLWQ3Y2VkZWI1YTY4MNgCAeACAQ&ucfs=1&arphpl=1&checkin=2025-11-01&checkout=2025-11-02&group_adults=2&req_adults=2&no_rooms=1&group_children=0&req_children=0&hpos=14&hapos=65&sr_order=popularity&srpvid=ed219700d654044a&srepoch=1756934941&all_sr_blocks=1048735701_377129235_2_0_0&highlighted_blocks=1048735701_377129235_2_0_0&matching_block_id=1048735701_377129235_2_0_0&sr_pri_blocks=1048735701_377129235_2_0_0__11250&from=searchresults
Dolmen Guest House,Alghero,N/A,[],8.7,"PKR 163,251",https://cf.bstatic.com/xdata/images/hotel/square240/476032018.webp?k=5ab03c571a75f2934fa399501824b85cb91b680ea9e918cc720ccd1833bd65b6&o=,https://www.booking.com/hotel/it/sweet-house-b-amp-b.html?aid=304142&label=gen173nr-10CAQoggJCDXNlYXJjaF9zaGFyZGFIM1gEaLUBiAEBmAEzuAEXyAEM2AED6AEB-AEBiAIBqAIBuAKB5uLFBsACAdICJGFhN2E2MmNmLTk4YWMtNGJlZi1hZjJkLWQ3Y2VkZWI1YTY4MNgCAeACAQ&ucfs=1&arphpl=1&checkin=2025-11-01&checkout=2025-11-02&group_adults=2&req_adults=2&no_rooms=1&group_children=0&req_children=0&hpos=15&hapos=66&sr_order=popularity&srpvid=ed219700d654044a&srepoch=1756934941&all_sr_blocks=286675908_108192679_2_0_0&highlighted_blocks=286675908_108192679_2_0_0&matching_block_id=286675908_108192679_2_0_0&sr_pri_blocks=286675908_108192679_2_0_0__49680&from=searchresults
Sunrise Home Alghero,Alghero,N/A,"['Entire apartment', '1 bedroom', '1 bathroom', '1 kitchen', '40 m²']",10,"PKR 59,149",https://cf.bstatic.com/xdata/images/hotel/square240/644971342.webp?k=e1f5a5f48bc5c8ec63ff97e52638e34d1577df3da00559749bb760cc0f2c209e&o=,https://www.booking.com/hotel/it/sunrise-home-alghero.html?aid=304142&label=gen173nr-10CAQoggJCDXNlYXJjaF9zaGFyZGFIM1gEaLUBiAEBmAEzuAEXyAEM2AED6AEB-AEBiAIBqAIBuAKB5uLFBsACAdICJGFhN2E2MmNmLTk4YWMtNGJlZi1hZjJkLWQ3Y2VkZWI1YTY4MNgCAeACAQ&ucfs=1&arphpl=1&checkin=2025-11-01&checkout=2025-11-02&group_adults=2&req_adults=2&no_rooms=1&group_children=0&req_children=0&hpos=16&hapos=67&sr_order=popularity&srpvid=ed219700d654044a&srepoch=1756934941&all_sr_blocks=1355923001_407898176_2_0_0&highlighted_blocks=1355923001_407898176_2_0_0&matching_block_id=1355923001_407898176_2_0_0&sr_pri_blocks=1355923001_407898176_2_0_0__18000&from=searchresults
St.Giovanni House,Alghero,N/A,"['Entire apartment', '1 bedroom', '1 living room', '1 bathroom', '60 m²']",6.0,"PKR 36,804",https://cf.bstatic.com/xdata/images/hotel/square240/376696367.webp?k=aa29ee61925aad212075aa4475d55f143dae8d07d62d9ceb3ebebe1195a5a742&o=,https://www.booking.com/hotel/it/st-giovanni-house.html?aid=304142&label=gen173nr-10CAQoggJCDXNlYXJjaF9zaGFyZGFIM1gEaLUBiAEBmAEzuAEXyAEM2AED6AEB-AEBiAIBqAIBuAKB5uLFBsACAdICJGFhN2E2MmNmLTk4YWMtNGJlZi1hZjJkLWQ3Y2VkZWI1YTY4MNgCAeACAQ&ucfs=1&arphpl=1&checkin=2025-11-01&checkout=2025-11-02&group_adults=2&req_adults=2&no_rooms=1&group_children=0&req_children=0&hpos=17&hapos=68&sr_order=popularity&srpvid=ed219700d654044a&srepoch=1756934941&all_sr_blocks=883981401_357904077_0_0_0&highlighted_blocks=883981401_357904077_0_0_0&matching_block_id=883981401_357904077_0_0_0&sr_pri_blocks=883981401_357904077_0_0_0__11200&from=searchresults
SoleLunaMare Guest House,Alghero,N/A,[],9.5,"PKR 16,430",https://cf.bstatic.com/xdata/images/hotel/square240/354045092.webp?k=6d31468b1703c54760c0177ecfcd6be73c653793a563514d35773a0c8baa19ee&o=,https://www.booking.com/hotel/it/b-b-solelunaemare.html?aid=304142&label=gen173nr-10CAQoggJCDXNlYXJjaF9zaGFyZGFIM1gEaLUBiAEBmAEzuAEXyAEM2AED6AEB-AEBiAIBqAIBuAKB5uLFBsACAdICJGFhN2E2MmNmLTk4YWMtNGJlZi1hZjJkLWQ3Y2VkZWI1YTY4MNgCAeACAQ&ucfs=1&arphpl=1&checkin=2025-11-01&checkout=2025-11-02&group_adults=2&req_adults=2&no_rooms=1&group_children=0&req_children=0&hpos=18&hapos=69&sr_order=popularity&srpvid=ed219700d654044a&srepoch=1756934941&all_sr_blocks=45155406_88173926_0_0_0&highlighted_blocks=45155406_88173926_0_0_0&matching_block_id=45155406_88173926_0_0_0&sr_pri_blocks=45155406_88173926_0_0_0__5000&from=searchresults
casa Altamarea 3,Alghero,N/A,"['Entire apartment', '2 bedrooms', '1 bathroom', '60 m²']",10,"PKR 37,707",https://cf.bstatic.com/xdata/images/hotel/square240/692772577.webp?k=cb83730b588641fccf5ce56e95cd4fb7fd50e3bf7a8d038eb4128cf05e6b7d27&o=,https://www.booking.com/hotel/it/casa-altamarea-3.html?aid=304142&label=gen173nr-10CAQoggJCDXNlYXJjaF9zaGFyZGFIM1gEaLUBiAEBmAEzuAEXyAEM2AED6AEB-AEBiAIBqAIBuAKB5uLFBsACAdICJGFhN2E2MmNmLTk4YWMtNGJlZi1hZjJkLWQ3Y2VkZWI1YTY4MNgCAeACAQ&ucfs=1&arphpl=1&checkin=2025-11-01&checkout=2025-11-02&group_adults=2&req_adults=2&no_rooms=1&group_children=0&req_children=0&hpos=19&hapos=70&sr_order=popularity&srpvid=ed219700d654044a&srepoch=1756934941&all_sr_blocks=1430161001_414578678_2_0_0&highlighted_blocks=1430161001_414578678_2_0_0&matching_block_id=1430161001_414578678_2_0_0&sr_pri_blocks=1430161001_414578678_2_0_0__11475&from=searchresults
Sunshine Charming Houses,Alghero,N/A,[],9.6,"PKR 31,217",https://cf.bstatic.com/xdata/images/hotel/square240/421221675.webp?k=7c8c19d223f25e3def254b1fa7062e62755eef1beb99d6526e1f3afda17c011d&o=,https://www.booking.com/hotel/it/sunshine-charming-houses.html?aid=304142&label=gen173nr-10CAQoggJCDXNlYXJjaF9zaGFyZGFIM1gEaLUBiAEBmAEzuAEXyAEM2AED6AEB-AEBiAIBqAIBuAKB5uLFBsACAdICJGFhN2E2MmNmLTk4YWMtNGJlZi1hZjJkLWQ3Y2VkZWI1YTY4MNgCAeACAQ&ucfs=1&arphpl=1&checkin=2025-11-01&checkout=2025-11-02&group_adults=2&req_adults=2&no_rooms=1&group_children=0&req_children=0&hpos=20&hapos=71&sr_order=popularity&srpvid=ed219700d654044a&srepoch=1756934941&all_sr_blocks=802640902_391066325_2_0_0&highlighted_blocks=802640902_391066325_2_0_0&matching_block_id=802640902_391066325_2_0_0&sr_pri_blocks=802640902_391066325_2_0_0__9500&from=searchresults
Hotel Angedras,Alghero,N/A,[],8.8,"PKR 22,674",https://cf.bstatic.com/xdata/images/hotel/square240/16712542.webp?k=5ad48e5082d6bad156cd30dd2ad6dfbb15e23627f35d59675c02cc2e348f8e5f&o=,https://www.booking.com/hotel/it/angedras.html?aid=304142&label=gen173nr-10CAQoggJCDXNlYXJjaF9zaGFyZGFIM1gEaLUBiAEBmAEzuAEXyAEM2AED6AEB-AEBiAIBqAIBuAKB5uLFBsACAdICJGFhN2E2MmNmLTk4YWMtNGJlZi1hZjJkLWQ3Y2VkZWI1YTY4MNgCAeACAQ&ucfs=1&arphpl=1&checkin=2025-11-01&checkout=2025-11-02&group_adults=2&req_adults=2&no_rooms=1&group_children=0&req_children=0&hpos=21&hapos=72&sr_order=popularity&srpvid=ed219700d654044a&srepoch=1756934941&all_sr_blocks=8569101_100943726_2_1_0&highlighted_blocks=8569101_100943726_2_1_0&matching_block_id=8569101_100943726_2_1_0&sr_pri_blocks=8569101_100943726_2_1_0__6900&from=searchresults
Acqua Chiara Alghero,Alghero,N/A,[],9.2,"PKR 299,030",https://cf.bstatic.com/xdata/images/hotel/square240/209870025.webp?k=4d939359da154eb6bdaee865af76ea0d21528ebb41aa567b55b3972e227c60dc&o=,https://www.booking.com/hotel/it/lu-sol-b-amp-b.html?aid=304142&label=gen173nr-10CAQoggJCDXNlYXJjaF9zaGFyZGFIM1gEaLUBiAEBmAEzuAEXyAEM2AED6AEB-AEBiAIBqAIBuAKB5uLFBsACAdICJGFhN2E2MmNmLTk4YWMtNGJlZi1hZjJkLWQ3Y2VkZWI1YTY4MNgCAeACAQ&ucfs=1&arphpl=1&checkin=2025-11-01&checkout=2025-11-02&group_adults=2&req_adults=2&no_rooms=1&group_children=0&req_children=0&hpos=22&hapos=73&sr_order=popularity&srpvid=ed219700d654044a&srepoch=1756934941&all_sr_blocks=302979002_265997383_2_1_0&highlighted_blocks=302979002_265997383_2_1_0&matching_block_id=302979002_265997383_2_1_0&sr_pri_blocks=302979002_265997383_2_1_0__91000&from=searchresults
Casa Palmavera,Alghero,N/A,"['Entire apartment', '2 bedrooms', '1 living room', '1 bathroom', '1 kitchen', '80 m²']",8.8,"PKR 44,441",https://cf.bstatic.com/xdata/images/hotel/square240/548151264.webp?k=3ea67b00cb8a95c9cfbeb706929a6693da5822fcfcda3f24a47fc5810e17feac&o=,https://www.booking.com/hotel/it/casa-degli-orti-61.html?aid=304142&label=gen173nr-10CAQoggJCDXNlYXJjaF9zaGFyZGFIM1gEaLUBiAEBmAEzuAEXyAEM2AED6AEB-AEBiAIBqAIBuAKB5uLFBsACAdICJGFhN2E2MmNmLTk4YWMtNGJlZi1hZjJkLWQ3Y2VkZWI1YTY4MNgCAeACAQ&ucfs=1&arphpl=1&checkin=2025-11-01&checkout=2025-11-02&group_adults=2&req_adults=2&no_rooms=1&group_children=0&req_children=0&hpos=23&hapos=74&sr_order=popularity&srpvid=ed219700d654044a&srepoch=1756934941&all_sr_blocks=1180963101_390540524_2_0_0&highlighted_blocks=1180963101_390540524_2_0_0&matching_block_id=1180963101_390540524_2_0_0&sr_pri_blocks=1180963101_390540524_2_0_0__13524&from=searchresults
Angy's Cozy House,Alghero,N/A,"['Entire apartment', '1 bedroom', '1 living room', '1 bathroom', '1 kitchen', '53 m²']",N/A,"PKR 51,459",https://cf.bstatic.com/xdata/images/hotel/square240/724215668.webp?k=b9e157a78c596f777d5c5b34dc9254f16de054b8facc62aad2014dda2215af1e&o=,https://www.booking.com/hotel/it/angys-cozy-house.html?aid=304142&label=gen173nr-10CAQoggJCDXNlYXJjaF9zaGFyZGFIM1gEaLUBiAEBmAEzuAEXyAEM2AED6AEB-AEBiAIBqAIBuAKB5uLFBsACAdICJGFhN2E2MmNmLTk4YWMtNGJlZi1hZjJkLWQ3Y2VkZWI1YTY4MNgCAeACAQ&ucfs=1&arphpl=1&checkin=2025-11-01&checkout=2025-11-02&group_adults=2&req_adults=2&no_rooms=1&group_children=0&req_children=0&hpos=24&hapos=75&sr_order=popularity&srpvid=ed219700d654044a&srepoch=1756934941&all_sr_blocks=1467297201_418047679_2_0_0&highlighted_blocks=1467297201_418047679_2_0_0&matching_block_id=1467297201_418047679_2_0_0&sr_pri_blocks=1467297201_418047679_2_0_0__15660&from=searchresults
Nautika Suites,Alghero,N/A,[],8.9,"PKR 29,574",https://cf.bstatic.com/xdata/images/hotel/square240/679191621.webp?k=d734ab76b92232a8bb32b6b17844043b8233f82582e4f1c48c49c53f5f089b86&o=,https://www.booking.com/hotel/it/nautika-suites.html?aid=304142&label=gen173nr-10CAQoggJCDXNlYXJjaF9zaGFyZGFIM1gEaLUBiAEBmAEzuAEXyAEM2AED6AEB-AEBiAIBqAIBuAKB5uLFBsACAdICJGFhN2E2MmNmLTk4YWMtNGJlZi1hZjJkLWQ3Y2VkZWI1YTY4MNgCAeACAQ&ucfs=1&arphpl=1&checkin=2025-11-01&checkout=2025-11-02&group_adults=2&req_adults=2&no_rooms=1&group_children=0&req_children=0&hpos=25&hapos=76&sr_order=popularity&srpvid=ed219700d654044a&srepoch=1756934941&all_sr_blocks=1041613204_413344165_2_2_0&highlighted_blocks=1041613204_413344165_2_2_0&matching_block_id=1041613204_413344165_2_2_0&sr_pri_blocks=1041613204_413344165_2_2_0__9000&from=searchresults
